{"campana": "Instrumento metalico, que suele ser de bronce, hueco, abierto por abajo, que suena cuando se golpea con un badajo o, a veces, con un martillo exterior.", "catedral": " Religion.Templo cristiano, donde tiene sede o catedra un obispo, siendo asi la iglesia principal de cada diocesis", "correr": "Desplazarse rapidamente sobre el suelo mediante el movimiento alternado de las piernas o de las patas.2Desplazarse rapidamente de cualquier otra forma, un vehiculo, cosa o ser.", "feo": "Que carece de belleza o hermosura. [1]", "grande": "Superior en tamano a un determinado patron tomado como medida.", "hablar": "Expresar algo usando palabras de viva voz.", "lindo": "Que es agradable a la vista o al animo, con un toque de ternura. [2]", "manopla": "Guante que se compone de una pieza sin separacion entre los dedos o de dos piezas unidas, una que cubre el pulgar y otra que cubre el resto de los dedos.", "mirar": "Fijar la vista en un objeto, aplicando juntamente la atencion. [1] 2Tener o llevar uno por fin u objeto alguna cosa en lo que ejecuta. [1] 3Observar las acciones de uno. [1] 4Apreciar, atender, estimar una cosa. [1] 5Concernir, pertenecer, tocar. [1] 6Pensar, juzgar. [1] 7Cuidar, atender, proteger, amparar o defender a una persona o cosa. [1]", "pensar": "Ejercitar el intelecto para explicarse o imaginarse algo o para concebir ideas.", "perro": "(Canis lupus familiaris) Variedad domestica del lobo de muchas y diversas razas, companero del hombre desde tiempos prehistoricos.", "pesado": "Que pesa mucho."}