{"campana": "objeto que suena en las catedrales", "perro": "animal que hace guau", "hablar": "accion de pronunciar palabras", "bella": "que posee belleza", "catedral": "edificio religioso de gran arquitectura", "manopla": "sirve para agarrar cosas calientes", "grande": "que tiene gran tama�o", "feo": "que no posee belleza", "magnifico": "que posee el don de la magnificencia", "correr": "caminar muy r�pido", "pensar": "accion de usar el cerebro", "mirar": "accion de ver", "fabricadora": "maquina que fabrica cosas"}